{
  "input_shape": [
    6,
    30
  ],
  "n_features": 30,
  "sequence_length": 6,
  "forecast_horizon": 6,
  "architecture": "lstm_tuned",
  "hyperparameters": {
    "units_1": 128,
    "dropout_1": 0.2,
    "units_2": 16,
    "dropout_2": 0.5,
    "dense_units": 16,
    "dense_dropout": 0.1,
    "lr": 0.002898994241662734
  },
  "performance": {
    "train": {
      "MAE": 135.42201151622007,
      "RMSE": 184.21345090425748,
      "MAPE": 61.78887432524388,
      "R2": 0.39315251899723047
    },
    "validation": {
      "MAE": 78.32298008884943,
      "RMSE": 118.27309020635313,
      "MAPE": 14.633942315977322,
      "R2": 0.5831677096078638
    },
    "test": {
      "MAE": 58.69520265844133,
      "RMSE": 75.01281810062707,
      "MAPE": 13.441677077080108,
      "R2": 0.7853785409337595
    }
  },
  "baseline_comparison": {
    "Persistence": {
      "MAE": 503.804375,
      "RMSE": 526.5062244112124
    },
    "Historical Avg": {
      "MAE": 153.9421180555556,
      "RMSE": 202.55872597063228
    },
    "Linear Regression": {
      "MAE": 19790.748547225357,
      "RMSE": 19790.861885518327
    },
    "Random Forest": {
      "MAE": 62.24982083333327,
      "RMSE": 75.06582148672642
    },
    "XGBoost": {
      "MAE": 65.44938077926635,
      "RMSE": 89.21170777019893
    },
    "Simple LSTM": {
      "MAE": 394.3755775223838,
      "RMSE": 426.90188478530996
    }
  }
}